threshold,input_length_days,washout_days,algo,shuffle,n_train,n_val,train_positive_after_shuffle,val_positive_after_shuffle,val_accuracy,val_precision,val_recall,val_f1,val_roc_auc,val_pr_auc,val_brier
4,14,7,rf,0,671,184,50,1,0.9945652173913043,0.0,0.0,0.0,0.7349726775956285,0.02,0.012406881759458728
4,14,7,rf,1,671,184,50,1,0.9945652173913043,0.0,0.0,0.0,0.4180327868852459,0.009259259259259259,0.022807669432920327
4,14,7,rf,2,671,184,50,1,0.9945652173913043,0.0,0.0,0.0,0.43715846994535523,0.009615384615384616,0.01652862237381906
4,14,7,rf,3,671,184,50,1,0.9945652173913043,0.0,0.0,0.0,0.18032786885245905,0.006369426751592357,0.010415496099183403
4,14,7,rf,4,671,184,50,1,0.9945652173913043,0.0,0.0,0.0,0.1311475409836066,0.00625,0.012711379889746651
3,14,0,rf,0,710,184,48,1,0.9945652173913043,0.0,0.0,0.0,0.2404371584699454,0.007142857142857143,0.022107448910729896
3,14,0,rf,1,710,184,48,1,0.9945652173913043,0.0,0.0,0.0,1.0,1.0,0.0236092454748309
3,14,0,rf,2,710,184,48,1,0.9945652173913043,0.0,0.0,0.0,0.28415300546448086,0.007575757575757576,0.017033547518074992
3,14,0,rf,3,710,184,48,1,0.9945652173913043,0.0,0.0,0.0,0.7486338797814207,0.02127659574468085,0.016431705069919506
3,14,0,rf,4,710,184,48,1,0.9945652173913043,0.0,0.0,0.0,0.8579234972677596,0.037037037037037035,0.012143586447961116
2,14,0,rf,0,713,184,51,1,0.9945652173913043,0.0,0.0,0.0,0.19672131147540983,0.006756756756756757,0.04470524769318753
2,14,0,rf,1,713,184,51,1,0.9945652173913043,0.0,0.0,0.0,0.9617486338797814,0.125,0.06449128203508547
2,14,0,rf,2,713,184,51,1,0.9945652173913043,0.0,0.0,0.0,0.4699453551912568,0.01020408163265306,0.05757206271810715
2,14,0,rf,3,713,184,51,1,0.9945652173913043,0.0,0.0,0.0,0.6994535519125683,0.017857142857142856,0.0441531831864492
2,14,0,rf,4,713,184,51,1,0.9945652173913043,0.0,0.0,0.0,0.8961748633879781,0.05,0.029116016253554537
3,14,7,rf,0,665,184,48,1,0.9945652173913043,0.0,0.0,0.0,0.4426229508196722,0.009708737864077669,0.03887971628050564
3,14,7,rf,1,665,184,48,1,0.9945652173913043,0.0,0.0,0.0,0.14207650273224048,0.006329113924050633,0.08794199158659143
3,14,7,rf,2,665,184,48,1,0.9945652173913043,0.0,0.0,0.0,0.1202185792349727,0.006172839506172839,0.04106783631584837
3,14,7,rf,3,665,184,48,1,0.9945652173913043,0.0,0.0,0.0,0.7213114754098361,0.019230769230769232,0.056804499726981865
3,14,7,rf,4,665,184,48,1,0.9945652173913043,0.0,0.0,0.0,0.20218579234972678,0.006802721088435374,0.0363616443954506
4,14,0,rf,0,712,184,50,1,0.9945652173913043,0.0,0.0,0.0,0.016393442622950838,0.0055248618784530384,0.0540668032002047
4,14,0,rf,1,712,184,50,1,0.9945652173913043,0.0,0.0,0.0,0.9289617486338798,0.07142857142857142,0.10083468341869352
4,14,0,rf,2,712,184,50,1,0.9945652173913043,0.0,0.0,0.0,0.6174863387978142,0.014084507042253521,0.06693986680402113
4,14,0,rf,3,712,184,50,1,0.9945652173913043,0.0,0.0,0.0,0.4972677595628415,0.010752688172043012,0.07890201520262517
4,14,0,rf,4,712,184,50,1,0.9945652173913043,0.0,0.0,0.0,0.9836065573770492,0.25,0.049888024029369295
4,3,0,rf,0,962,217,54,1,0.9262672811059908,0.0,0.0,0.0,0.375,0.007352941176470588,0.05830293180757074
4,3,0,rf,1,962,217,54,1,0.9953917050691244,0.0,0.0,0.0,0.28240740740740744,0.00641025641025641,0.035072043473802945
4,3,0,rf,2,962,217,54,1,0.9953917050691244,0.0,0.0,0.0,0.962962962962963,0.1111111111111111,0.01508436748341554
4,3,0,rf,3,962,217,54,1,0.9447004608294931,0.0,0.0,0.0,0.8287037037037037,0.02631578947368421,0.03356120249473039
4,3,0,rf,4,962,217,54,1,0.9953917050691244,0.0,0.0,0.0,0.587962962962963,0.011111111111111112,0.015839887483271288
4,14,0,xgb,0,712,184,50,1,0.9945652173913043,0.0,0.0,0.0,0.21857923497267762,0.006944444444444444,0.006404739954305889
4,14,0,xgb,1,712,184,50,1,0.9945652173913043,0.0,0.0,0.0,0.8087431693989071,0.027777777777777776,0.015118084144546986
4,14,0,xgb,2,712,184,50,1,0.9945652173913043,0.0,0.0,0.0,0.6174863387978142,0.014084507042253521,0.011024134779019175
4,14,0,xgb,3,712,184,50,1,0.9945652173913043,0.0,0.0,0.0,0.02732240437158473,0.00558659217877095,0.015474570117081515
4,14,0,xgb,4,712,184,50,1,0.9945652173913043,0.0,0.0,0.0,0.994535519125683,0.5,0.005536947543335552
3,14,0,xgb,0,710,184,48,1,0.9945652173913043,0.0,0.0,0.0,0.4590163934426229,0.01,0.007296009189951907
3,14,0,xgb,1,710,184,48,1,0.9945652173913043,0.0,0.0,0.0,0.9726775956284153,0.16666666666666666,0.006969312798417621
3,14,0,xgb,2,710,184,48,1,0.9945652173913043,0.0,0.0,0.0,0.4972677595628415,0.010752688172043012,0.006363042820031865
3,14,0,xgb,3,710,184,48,1,0.9945652173913043,0.0,0.0,0.0,0.540983606557377,0.011764705882352941,0.005972782615986023
3,14,0,xgb,4,710,184,48,1,0.9945652173913043,0.0,0.0,0.0,0.8579234972677595,0.037037037037037035,0.005645841944931849
2,14,7,rf,0,664,184,51,1,0.9945652173913043,0.0,0.0,0.0,0.1311475409836066,0.00625,0.027667961788249092
2,14,7,rf,1,664,184,51,1,0.9945652173913043,0.0,0.0,0.0,0.6065573770491803,0.0136986301369863,0.0320137941425091
2,14,7,rf,2,664,184,51,1,0.9945652173913043,0.0,0.0,0.0,0.41530054644808745,0.009259259259259259,0.01761312192107361
2,14,7,rf,3,664,184,51,1,0.9945652173913043,0.0,0.0,0.0,0.4098360655737705,0.009174311926605505,0.030061380632438326
2,14,7,rf,4,664,184,51,1,0.9945652173913043,0.0,0.0,0.0,0.5846994535519126,0.012987012987012988,0.018991279219926323
3,7,7,rf,0,777,203,49,1,0.9950738916256158,0.0,0.0,0.0,0.599009900990099,0.012195121951219513,0.01926531897117449
3,7,7,rf,1,777,203,49,1,0.9950738916256158,0.0,0.0,0.0,0.9405940594059407,0.07692307692307693,0.016928913759906638
3,7,7,rf,2,777,203,49,1,0.9950738916256158,0.0,0.0,0.0,0.9851485148514851,0.25,0.017936855050863308
3,7,7,rf,3,777,203,49,1,0.9950738916256158,0.0,0.0,0.0,0.4455445544554455,0.008849557522123894,0.026028963036585813
3,7,7,rf,4,777,203,49,1,0.9950738916256158,0.0,0.0,0.0,0.6336633663366337,0.013333333333333334,0.018867324175334592
3,14,7,xgb,0,665,184,48,1,0.9945652173913043,0.0,0.0,0.0,0.2404371584699454,0.007142857142857143,0.006971630905757565
3,14,7,xgb,1,665,184,48,1,0.9782608695652174,0.0,0.0,0.0,0.21857923497267762,0.006944444444444444,0.01832612607726485
3,14,7,xgb,2,665,184,48,1,0.9945652173913043,0.0,0.0,0.0,0.3497267759562842,0.008333333333333333,0.007500067980047098
3,14,7,xgb,3,665,184,48,1,0.9945652173913043,0.0,0.0,0.0,0.5027322404371585,0.010869565217391304,0.005534073687061057
3,14,7,xgb,4,665,184,48,1,0.9945652173913043,0.0,0.0,0.0,0.5519125683060109,0.012048192771084338,0.007378664430750566
3,14,14,rf,0,616,184,48,1,0.9945652173913043,0.0,0.0,0.0,0.4808743169398907,0.010416666666666666,0.04748770371920388
3,14,14,rf,1,616,184,48,1,0.9945652173913043,0.0,0.0,0.0,0.360655737704918,0.00847457627118644,0.027793393587580106
3,14,14,rf,2,616,184,48,1,0.9945652173913043,0.0,0.0,0.0,0.45355191256830596,0.009900990099009901,0.02708846277365453
3,14,14,rf,3,616,184,48,1,0.9945652173913043,0.0,0.0,0.0,0.049180327868852514,0.005714285714285714,0.02498913012846486
3,14,14,rf,4,616,184,48,1,0.9945652173913043,0.0,0.0,0.0,0.8633879781420765,0.038461538461538464,0.0345449093767423
3,7,14,rf,0,717,203,49,1,0.9901477832512315,0.0,0.0,0.0,0.8415841584158416,0.030303030303030304,0.02958303751843189
3,7,14,rf,1,717,203,49,1,0.9950738916256158,0.0,0.0,0.0,0.09900990099009899,0.00546448087431694,0.022978306365746434
3,7,14,rf,2,717,203,49,1,0.9901477832512315,0.0,0.0,0.0,0.6732673267326733,0.014925373134328358,0.019668829689053327
3,7,14,rf,3,717,203,49,1,0.9950738916256158,0.0,0.0,0.0,0.8316831683168316,0.02857142857142857,0.02227852085121426
3,7,14,rf,4,717,203,49,1,0.9901477832512315,0.0,0.0,0.0,0.7772277227722773,0.021739130434782608,0.025982457092366008
4,14,7,xgb,0,671,184,50,1,0.9891304347826086,0.0,0.0,0.0,0.8524590163934426,0.03571428571428571,0.010273704981825157
4,14,7,xgb,1,671,184,50,1,0.9891304347826086,0.0,0.0,0.0,0.21311475409836067,0.006896551724137931,0.026469992933107
4,14,7,xgb,2,671,184,50,1,0.9945652173913043,0.0,0.0,0.0,0.3715846994535519,0.008620689655172414,0.010286238473134778
4,14,7,xgb,3,671,184,50,1,0.9945652173913043,0.0,0.0,0.0,0.10382513661202186,0.006060606060606061,0.006099998100730318
4,14,7,xgb,4,671,184,50,1,0.9945652173913043,0.0,0.0,0.0,0.5081967213114754,0.01098901098901099,0.005920193531730743
3,7,0,rf,0,854,203,49,1,0.9753694581280788,0.0,0.0,0.0,0.13861386138613863,0.005714285714285714,0.05490431963441792
3,7,0,rf,1,854,203,49,1,0.9802955665024631,0.0,0.0,0.0,0.5123762376237624,0.01,0.04663449555943719
3,7,0,rf,2,854,203,49,1,0.9950738916256158,0.0,0.0,0.0,0.18811881188118806,0.006060606060606061,0.04559184031285374
3,7,0,rf,3,854,203,49,1,0.9950738916256158,0.0,0.0,0.0,0.9356435643564357,0.07142857142857142,0.07996376222623189
3,7,0,rf,4,854,203,49,1,0.9950738916256158,0.0,0.0,0.0,0.7821782178217822,0.022222222222222223,0.04148150858798316
2,14,14,rf,0,615,184,51,1,0.9945652173913043,0.0,0.0,0.0,0.3005464480874317,0.007751937984496124,0.07360041746946702
2,14,14,rf,1,615,184,51,1,0.9945652173913043,0.0,0.0,0.0,0.032786885245901676,0.0056179775280898875,0.0441993907205925
2,14,14,rf,2,615,184,51,1,0.9945652173913043,0.0,0.0,0.0,0.8961748633879781,0.05,0.04241199478341876
2,14,14,rf,3,615,184,51,1,0.9945652173913043,0.0,0.0,0.0,0.33333333333333337,0.008130081300813009,0.027223428395489573
2,14,14,rf,4,615,184,51,1,0.9945652173913043,0.0,0.0,0.0,0.912568306010929,0.058823529411764705,0.03475784543467393
4,7,0,rf,0,856,203,51,1,0.9852216748768473,0.0,0.0,0.0,0.5544554455445545,0.01098901098901099,0.06745499515426732
4,7,0,rf,1,856,203,51,1,0.9950738916256158,0.0,0.0,0.0,0.05693069306930698,0.005208333333333333,0.0659818974501559
4,7,0,rf,2,856,203,51,1,0.9950738916256158,0.0,0.0,0.0,0.6584158415841584,0.014285714285714285,0.03680801273336222
4,7,0,rf,3,856,203,51,1,0.9950738916256158,0.0,0.0,0.0,0.8811881188118812,0.04,0.07549399693182675
4,7,0,rf,4,856,203,51,1,0.9950738916256158,0.0,0.0,0.0,0.09405940594059403,0.005434782608695652,0.053328233910353066
3,3,0,rf,0,961,217,53,1,0.9078341013824884,0.0,0.0,0.0,0.125,0.005263157894736842,0.05342847575882829
3,3,0,rf,1,961,217,53,1,0.9953917050691244,0.0,0.0,0.0,0.3935185185185185,0.007575757575757576,0.02128352348517122
3,3,0,rf,2,961,217,53,1,0.9953917050691244,0.0,0.0,0.0,0.16666666666666663,0.0055248618784530384,0.03129916021535908
3,3,0,rf,3,961,217,53,1,0.9953917050691244,0.0,0.0,0.0,0.46759259259259256,0.008620689655172414,0.028094434972821585
3,3,0,rf,4,961,217,53,1,0.9953917050691244,0.0,0.0,0.0,0.3657407407407407,0.007246376811594203,0.02662030009465291
2,3,0,rf,0,963,217,55,1,0.9308755760368663,0.0,0.0,0.0,0.1620370370370371,0.005494505494505495,0.05517679056676524
2,3,0,rf,1,963,217,55,1,0.9953917050691244,0.0,0.0,0.0,0.48611111111111116,0.008928571428571428,0.01573200426792065
2,3,0,rf,2,963,217,55,1,0.9953917050691244,0.0,0.0,0.0,0.8518518518518519,0.030303030303030304,0.02689880482440006
2,3,0,rf,3,963,217,55,1,0.9447004608294931,0.0,0.0,0.0,0.6944444444444445,0.014925373134328358,0.029215322770852276
2,3,0,rf,4,963,217,55,1,0.9953917050691244,0.0,0.0,0.0,0.5648148148148149,0.010526315789473684,0.02079781258323905
4,3,7,rf,0,876,217,54,1,0.9953917050691244,0.0,0.0,0.0,0.9305555555555556,0.05,0.026272963275238575
4,3,7,rf,1,876,217,54,1,0.9953917050691244,0.0,0.0,0.0,0.3472222222222222,0.007042253521126761,0.01908257074025697
4,3,7,rf,2,876,217,54,1,0.9953917050691244,0.0,0.0,0.0,0.2314814814814815,0.005988023952095809,0.02835206692811277
4,3,7,rf,3,876,217,54,1,0.9953917050691244,0.0,0.0,0.0,0.04629629629629628,0.004830917874396135,0.030247932489157827
4,3,7,rf,4,876,217,54,1,0.9953917050691244,0.0,0.0,0.0,0.9490740740740742,0.08333333333333333,0.016296860853663116
4,14,14,rf,0,622,184,50,1,0.9945652173913043,0.0,0.0,0.0,0.5628415300546448,0.012345679012345678,0.07814357875735332
4,14,14,rf,1,622,184,50,1,0.9945652173913043,0.0,0.0,0.0,0.48633879781420764,0.010526315789473684,0.04856820124528544
4,14,14,rf,2,622,184,50,1,0.9945652173913043,0.0,0.0,0.0,0.20765027322404372,0.00684931506849315,0.022933535371660603
4,14,14,rf,3,622,184,50,1,0.9945652173913043,0.0,0.0,0.0,0.28415300546448086,0.007575757575757576,0.0313267117853455
4,14,14,rf,4,622,184,50,1,0.9945652173913043,0.0,0.0,0.0,0.2513661202185792,0.007246376811594203,0.043614028503423906
2,3,7,rf,0,867,217,55,1,0.9032258064516129,0.045454545454545456,1.0,0.08695652173913043,0.9305555555555556,0.0625,0.07143398878971034
2,3,7,rf,1,867,217,55,1,0.9493087557603687,0.0,0.0,0.0,0.35185185185185186,0.0070921985815602835,0.10554521489766432
2,3,7,rf,2,867,217,55,1,0.9447004608294931,0.0,0.0,0.0,0.25,0.006134969325153374,0.07188076281632402
2,3,7,rf,3,867,217,55,1,0.9953917050691244,0.0,0.0,0.0,0.10185185185185186,0.005128205128205128,0.06970511367820635
2,3,7,rf,4,867,217,55,1,0.9953917050691244,0.0,0.0,0.0,0.837962962962963,0.027777777777777776,0.06901176090277557
4,14,14,xgb,0,622,184,50,1,0.9945652173913043,0.0,0.0,0.0,0.14754098360655743,0.006369426751592357,0.011892197443288278
4,14,14,xgb,1,622,184,50,1,0.9728260869565217,0.0,0.0,0.0,0.3387978142076503,0.00819672131147541,0.02708955375666788
4,14,14,xgb,2,622,184,50,1,0.967391304347826,0.0,0.0,0.0,0.2568306010928961,0.0072992700729927005,0.018715729585546338
4,14,14,xgb,3,622,184,50,1,0.9945652173913043,0.0,0.0,0.0,0.35519125683060104,0.008403361344537815,0.005928493823229985
4,14,14,xgb,4,622,184,50,1,0.9945652173913043,0.0,0.0,0.0,0.5273224043715847,0.011363636363636364,0.0076300530142892455
2,7,0,rf,0,857,203,52,1,0.9901477832512315,0.0,0.0,0.0,0.1188118811881188,0.00558659217877095,0.05722125439301528
2,7,0,rf,1,857,203,52,1,0.9950738916256158,0.0,0.0,0.0,0.13613861386138615,0.005681818181818182,0.04670206425513943
2,7,0,rf,2,857,203,52,1,0.9950738916256158,0.0,0.0,0.0,0.8960396039603961,0.045454545454545456,0.034511062896777404
2,7,0,rf,3,857,203,52,1,0.9950738916256158,0.0,0.0,0.0,0.8415841584158416,0.030303030303030304,0.0842089458839422
2,7,0,rf,4,857,203,52,1,0.9950738916256158,0.0,0.0,0.0,0.0643564356435643,0.005263157894736842,0.049539469364395336
4,7,7,xgb,0,783,203,51,1,0.9704433497536946,0.0,0.0,0.0,0.05940594059405946,0.005235602094240838,0.021685724254258798
4,7,7,xgb,1,783,203,51,1,0.9901477832512315,0.0,0.0,0.0,0.4801980198019802,0.009345794392523364,0.024734557027254786
4,7,7,xgb,2,783,203,51,1,0.9556650246305419,0.0,0.0,0.0,0.49504950495049505,0.009708737864077669,0.05849510426036443
4,7,7,xgb,3,783,203,51,1,0.9507389162561576,0.0,0.0,0.0,0.044554455445544594,0.005154639175257732,0.039735029546245665
4,7,7,xgb,4,783,203,51,1,0.9556650246305419,0.0,0.0,0.0,0.900990099009901,0.047619047619047616,0.043640803382006314
4,3,14,rf,0,789,217,54,1,0.9447004608294931,0.0,0.0,0.0,0.712962962962963,0.015873015873015872,0.034662945766223835
4,3,14,rf,1,789,217,54,1,0.9953917050691244,0.0,0.0,0.0,0.3842592592592593,0.007462686567164179,0.028638758920267987
4,3,14,rf,2,789,217,54,1,0.9953917050691244,0.0,0.0,0.0,0.19444444444444442,0.005714285714285714,0.03460750813346849
4,3,14,rf,3,789,217,54,1,0.9308755760368663,0.0,0.0,0.0,0.5972222222222222,0.011363636363636364,0.043768569293367934
4,3,14,rf,4,789,217,54,1,0.9953917050691244,0.0,0.0,0.0,0.6851851851851851,0.014492753623188406,0.023398158399397764
4,7,7,rf,0,783,203,51,1,0.9950738916256158,0.0,0.0,0.0,0.4257425742574258,0.008547008547008548,0.009740507800301125
4,7,7,rf,1,783,203,51,1,0.9950738916256158,0.0,0.0,0.0,0.4801980198019802,0.009345794392523364,0.009734822534390425
4,7,7,rf,2,783,203,51,1,0.9950738916256158,0.0,0.0,0.0,0.034653465346534684,0.00510204081632653,0.018012647190428117
4,7,7,rf,3,783,203,51,1,0.9950738916256158,0.0,0.0,0.0,0.2722772277227723,0.006756756756756757,0.012351688555717234
4,7,7,rf,4,783,203,51,1,0.9950738916256158,0.0,0.0,0.0,0.7871287128712872,0.022727272727272728,0.01354015053536168
2,7,7,rf,0,773,203,52,1,0.9753694581280788,0.0,0.0,0.0,0.21287128712871284,0.00625,0.025489150934263263
2,7,7,rf,1,773,203,52,1,0.9950738916256158,0.0,0.0,0.0,0.599009900990099,0.012195121951219513,0.02009158717853075
2,7,7,rf,2,773,203,52,1,0.9950738916256158,0.0,0.0,0.0,0.5643564356435644,0.011235955056179775,0.015488605710002889
2,7,7,rf,3,773,203,52,1,0.9950738916256158,0.0,0.0,0.0,0.2821782178217822,0.00684931506849315,0.025415798776498154
2,7,7,rf,4,773,203,52,1,0.9950738916256158,0.0,0.0,0.0,0.3267326732673267,0.0072992700729927005,0.01796072029015952
3,14,14,xgb,0,616,184,48,1,0.9945652173913043,0.0,0.0,0.0,0.7704918032786885,0.023255813953488372,0.007225192238877214
3,14,14,xgb,1,616,184,48,1,0.9945652173913043,0.0,0.0,0.0,0.180327868852459,0.006622516556291391,0.008459147038495998
3,14,14,xgb,2,616,184,48,1,0.9945652173913043,0.0,0.0,0.0,0.8907103825136612,0.047619047619047616,0.006741997198790788
3,14,14,xgb,3,616,184,48,1,0.9945652173913043,0.0,0.0,0.0,0.45355191256830596,0.009900990099009901,0.005503738581487171
3,14,14,xgb,4,616,184,48,1,0.9945652173913043,0.0,0.0,0.0,0.7868852459016393,0.025,0.007830999295144012
4,7,0,xgb,0,856,203,51,1,0.9753694581280788,0.0,0.0,0.0,0.6683168316831682,0.014705882352941176,0.030968189275166685
4,7,0,xgb,1,856,203,51,1,0.9556650246305419,0.0,0.0,0.0,0.0866336633663366,0.005376344086021506,0.0346185833834049
4,7,0,xgb,2,856,203,51,1,0.9901477832512315,0.0,0.0,0.0,0.8663366336633663,0.03571428571428571,0.01988088113862066
4,7,0,xgb,3,856,203,51,1,0.9507389162561576,0.0,0.0,0.0,0.707920792079208,0.016666666666666666,0.05970495664910429
4,7,0,xgb,4,856,203,51,1,0.9852216748768473,0.0,0.0,0.0,0.00990099009900991,0.004975124378109453,0.022051564146439665
4,14,14,lr,0,622,184,50,1,0.9347826086956522,0.0,0.0,0.0,0.33333333333333337,0.008130081300813009,0.05738973754158006
4,14,14,lr,1,622,184,50,1,0.44021739130434784,0.009615384615384616,1.0,0.01904761904761905,0.5901639344262295,0.013157894736842105,0.4934972269897272
4,14,14,lr,2,622,184,50,1,0.9891304347826086,0.0,0.0,0.0,0.1912568306010929,0.006711409395973154,0.00906483969915578
4,14,14,lr,3,622,184,50,1,0.9184782608695652,0.0,0.0,0.0,0.7049180327868853,0.01818181818181818,0.0777706333971805
4,14,14,lr,4,622,184,50,1,0.9619565217391305,0.0,0.0,0.0,0.36612021857923494,0.008547008547008548,0.03243574821708872
2,14,0,xgb,0,713,184,51,1,0.9945652173913043,0.0,0.0,0.0,0.45355191256830596,0.009900990099009901,0.005936746016718407
2,14,0,xgb,1,713,184,51,1,0.9945652173913043,0.0,0.0,0.0,1.0,1.0,0.006265407619947212
2,14,0,xgb,2,713,184,51,1,0.9891304347826086,0.0,0.0,0.0,0.5573770491803278,0.012195121951219513,0.010490887208484538
2,14,0,xgb,3,713,184,51,1,0.9945652173913043,0.0,0.0,0.0,0.8469945355191257,0.034482758620689655,0.0059996270362230935
2,14,0,xgb,4,713,184,51,1,0.9945652173913043,0.0,0.0,0.0,0.53551912568306,0.011627906976744186,0.006705863728395193
3,3,7,rf,0,871,217,53,1,0.9953917050691244,0.0,0.0,0.0,0.9351851851851852,0.06666666666666667,0.03422843007510166
3,3,7,rf,1,871,217,53,1,0.9953917050691244,0.0,0.0,0.0,0.24537037037037035,0.006097560975609756,0.025865027657889617
3,3,7,rf,2,871,217,53,1,0.9953917050691244,0.0,0.0,0.0,0.29166666666666663,0.006493506493506494,0.013955284189158213
3,3,7,rf,3,871,217,53,1,0.9953917050691244,0.0,0.0,0.0,0.05555555555555558,0.004878048780487805,0.03696710741608659
3,3,7,rf,4,871,217,53,1,0.9354838709677419,0.0,0.0,0.0,0.43518518518518523,0.008130081300813009,0.04112876159653433
4,14,7,lr,0,671,184,50,1,0.9293478260869565,0.07142857142857142,1.0,0.13333333333333333,0.9398907103825137,0.08333333333333333,0.06680727582175164
4,14,7,lr,1,671,184,50,1,0.5489130434782609,0.011904761904761904,1.0,0.023529411764705882,0.825136612021858,0.030303030303030304,0.42143079564242863
4,14,7,lr,2,671,184,50,1,0.6141304347826086,0.0,0.0,0.0,0.18579234972677594,0.006666666666666667,0.3500141327331558
4,14,7,lr,3,671,184,50,1,0.9728260869565217,0.0,0.0,0.0,0.6120218579234973,0.013888888888888888,0.02843486888023639
4,14,7,lr,4,671,184,50,1,0.875,0.0,0.0,0.0,0.1311475409836066,0.00625,0.11997605686692736
2,7,14,rf,0,716,203,52,1,0.9753694581280788,0.0,0.0,0.0,0.31188118811881194,0.007142857142857143,0.03960467023851367
2,7,14,rf,1,716,203,52,1,0.9950738916256158,0.0,0.0,0.0,0.38613861386138615,0.008,0.05486983086304352
2,7,14,rf,2,716,203,52,1,0.9753694581280788,0.0,0.0,0.0,0.47029702970297027,0.009259259259259259,0.07777727149520633
2,7,14,rf,3,716,203,52,1,0.9704433497536946,0.0,0.0,0.0,0.46039603960396036,0.00909090909090909,0.09337952563642418
2,7,14,rf,4,716,203,52,1,0.9655172413793104,0.0,0.0,0.0,0.7574257425742574,0.02,0.10338950998672469
4,7,14,rf,0,723,203,51,1,0.9753694581280788,0.0,0.0,0.0,0.43069306930693074,0.008620689655172414,0.02331085911606245
4,7,14,rf,1,723,203,51,1,0.9753694581280788,0.0,0.0,0.0,0.7920792079207921,0.023255813953488372,0.03026260828634735
4,7,14,rf,2,723,203,51,1,0.9901477832512315,0.0,0.0,0.0,0.9801980198019803,0.2,0.019312014270337373
4,7,14,rf,3,723,203,51,1,0.9950738916256158,0.0,0.0,0.0,0.2524752475247525,0.006578947368421052,0.02012493726024931
4,7,14,rf,4,723,203,51,1,0.9901477832512315,0.0,0.0,0.0,0.7871287128712872,0.022727272727272728,0.023797103180810415
2,3,14,rf,0,783,217,55,1,0.9953917050691244,0.0,0.0,0.0,0.6574074074074073,0.013333333333333334,0.06828030467194739
2,3,14,rf,1,783,217,55,1,0.9953917050691244,0.0,0.0,0.0,0.9513888888888888,0.08333333333333333,0.0392466399813023
2,3,14,rf,2,783,217,55,1,0.8986175115207373,0.0,0.0,0.0,0.8773148148148149,0.03571428571428571,0.09229462330214214
2,3,14,rf,3,783,217,55,1,0.9953917050691244,0.0,0.0,0.0,0.14814814814814814,0.005405405405405406,0.06058449267531445
2,3,14,rf,4,783,217,55,1,0.9216589861751152,0.0,0.0,0.0,0.17129629629629628,0.005555555555555556,0.10177561407711751
4,3,0,lr,0,962,217,54,1,0.8663594470046083,0.03333333333333333,1.0,0.06451612903225806,0.8842592592592592,0.038461538461538464,0.12490606447618441
4,3,0,lr,1,962,217,54,1,0.8709677419354839,0.0,0.0,0.0,0.5740740740740741,0.010752688172043012,0.1111963608259458
4,3,0,lr,2,962,217,54,1,0.9078341013824884,0.0,0.0,0.0,0.5740740740740741,0.010752688172043012,0.07832443697687098
4,3,0,lr,3,962,217,54,1,0.8433179723502304,0.0,0.0,0.0,0.7638888888888888,0.019230769230769232,0.1540307509213381
4,3,0,lr,4,962,217,54,1,0.9124423963133641,0.0,0.0,0.0,0.4629629629629629,0.008547008547008548,0.08011317540141535
3,14,0,lr,0,710,184,48,1,0.8967391304347826,0.0,0.0,0.0,0.6120218579234973,0.013888888888888888,0.10063854188610814
3,14,0,lr,1,710,184,48,1,0.8369565217391305,0.0,0.0,0.0,0.6666666666666666,0.016129032258064516,0.1508173701669751
3,14,0,lr,2,710,184,48,1,0.9239130434782609,0.0,0.0,0.0,0.18579234972677594,0.006666666666666667,0.06817161356298997
3,14,0,lr,3,710,184,48,1,0.842391304347826,0.0,0.0,0.0,0.43715846994535523,0.009615384615384616,0.14967151909349682
3,14,0,lr,4,710,184,48,1,0.8858695652173914,0.0,0.0,0.0,0.5027322404371585,0.010869565217391304,0.10953963809089949
3,14,14,lr,0,616,184,48,1,0.657608695652174,0.0,0.0,0.0,0.2896174863387978,0.007633587786259542,0.3168818941681856
3,14,14,lr,1,616,184,48,1,0.8206521739130435,0.0,0.0,0.0,0.060109289617486295,0.005780346820809248,0.17694251172457115
3,14,14,lr,2,616,184,48,1,0.8532608695652174,0.0,0.0,0.0,0.7759562841530054,0.023809523809523808,0.13733295751044008
3,14,14,lr,3,616,184,48,1,0.9565217391304348,0.0,0.0,0.0,0.47540983606557374,0.010309278350515464,0.036436163357889496
3,14,14,lr,4,616,184,48,1,0.75,0.0,0.0,0.0,0.7540983606557377,0.021739130434782608,0.21937612217499777
4,14,0,lr,0,712,184,50,1,0.8315217391304348,0.0,0.0,0.0,0.6557377049180328,0.015625,0.1498397297878668
4,14,0,lr,1,712,184,50,1,0.7228260869565217,0.0,0.0,0.0,0.4808743169398907,0.010416666666666666,0.25180764176121134
4,14,0,lr,2,712,184,50,1,0.592391304347826,0.0,0.0,0.0,0.48633879781420764,0.010526315789473684,0.3836935442730997
4,14,0,lr,3,712,184,50,1,0.6739130434782609,0.01639344262295082,1.0,0.03225806451612903,0.819672131147541,0.029411764705882353,0.3106789477498339
4,14,0,lr,4,712,184,50,1,0.7336956521739131,0.02,1.0,0.0392156862745098,0.819672131147541,0.029411764705882353,0.2399037488641826
3,14,7,lr,0,665,184,48,1,0.7989130434782609,0.0,0.0,0.0,0.07650273224043713,0.0058823529411764705,0.19422525151488587
3,14,7,lr,1,665,184,48,1,0.8532608695652174,0.0,0.0,0.0,0.06557377049180324,0.005813953488372093,0.13924999323246431
3,14,7,lr,2,665,184,48,1,0.7010869565217391,0.0,0.0,0.0,0.360655737704918,0.00847457627118644,0.2711897884932981
3,14,7,lr,3,665,184,48,1,0.6630434782608695,0.0,0.0,0.0,0.02732240437158473,0.00558659217877095,0.3031007469173554
3,14,7,lr,4,665,184,48,1,0.8152173913043478,0.0,0.0,0.0,0.29508196721311475,0.007692307692307693,0.18142417577658904
2,14,7,xgb,0,664,184,51,1,0.9891304347826086,0.0,0.0,0.0,0.21857923497267762,0.006944444444444444,0.03341098406229785
2,14,7,xgb,1,664,184,51,1,0.9619565217391305,0.0,0.0,0.0,0.9016393442622951,0.05263157894736842,0.03824966144428557
2,14,7,xgb,2,664,184,51,1,0.9945652173913043,0.0,0.0,0.0,0.8688524590163934,0.04,0.013436899895849855
2,14,7,xgb,3,664,184,51,1,0.9836956521739131,0.0,0.0,0.0,0.3825136612021858,0.008771929824561403,0.03043104915761774
2,14,7,xgb,4,664,184,51,1,0.9945652173913043,0.0,0.0,0.0,0.7322404371584699,0.02,0.01125714657334256
2,14,14,xgb,0,615,184,51,1,0.9945652173913043,0.0,0.0,0.0,0.3005464480874317,0.007751937984496124,0.01082507856561451
2,14,14,xgb,1,615,184,51,1,0.9945652173913043,0.0,0.0,0.0,0.09836065573770492,0.006024096385542169,0.0062140076745251915
2,14,14,xgb,2,615,184,51,1,0.9945652173913043,0.0,0.0,0.0,0.7103825136612022,0.018518518518518517,0.00595757225335876
2,14,14,xgb,3,615,184,51,1,0.9945652173913043,0.0,0.0,0.0,0.5573770491803278,0.012195121951219513,0.006367617549271914
2,14,14,xgb,4,615,184,51,1,0.9945652173913043,0.0,0.0,0.0,0.4590163934426229,0.01,0.005750954281251092
2,14,0,lr,0,713,184,51,1,0.9945652173913043,0.0,0.0,0.0,0.3114754098360656,0.007874015748031496,0.0054350410723715435
2,14,0,lr,1,713,184,51,1,0.75,0.0,0.0,0.0,0.18579234972677594,0.006666666666666667,0.23912674406972498
2,14,0,lr,2,713,184,51,1,0.6358695652173914,0.014705882352941176,1.0,0.028985507246376812,0.7650273224043715,0.022727272727272728,0.3523945989381145
2,14,0,lr,3,713,184,51,1,0.8369565217391305,0.0,0.0,0.0,0.7377049180327868,0.02040816326530612,0.13901888398285808
2,14,0,lr,4,713,184,51,1,0.6630434782608695,0.0,0.0,0.0,0.4972677595628415,0.010752688172043012,0.3174916052573344
3,3,14,rf,0,785,217,53,1,0.8940092165898618,0.0,0.0,0.0,0.8518518518518519,0.030303030303030304,0.07324290481592215
3,3,14,rf,1,785,217,53,1,0.9953917050691244,0.0,0.0,0.0,0.962962962962963,0.1,0.04734765624588004
3,3,14,rf,2,785,217,53,1,0.9354838709677419,0.0,0.0,0.0,0.9236111111111112,0.05555555555555555,0.06507094930105568
3,3,14,rf,3,785,217,53,1,0.9953917050691244,0.0,0.0,0.0,0.2222222222222222,0.005917159763313609,0.054585136366941386
3,3,14,rf,4,785,217,53,1,0.9032258064516129,0.0,0.0,0.0,0.02777777777777779,0.004739336492890996,0.11024974030177358
4,3,7,lr,0,876,217,54,1,0.9308755760368663,0.0,0.0,0.0,0.45833333333333337,0.00847457627118644,0.06053117893445388
4,3,7,lr,1,876,217,54,1,0.8847926267281107,0.038461538461538464,1.0,0.07407407407407407,0.9768518518518519,0.16666666666666666,0.10061036739112757
4,3,7,lr,2,876,217,54,1,0.9124423963133641,0.0,0.0,0.0,0.6898148148148149,0.014705882352941176,0.07380145981343264
4,3,7,lr,3,876,217,54,1,0.8894009216589862,0.04,1.0,0.07692307692307693,0.9537037037037037,0.09090909090909091,0.08980633905397004
4,3,7,lr,4,876,217,54,1,0.9308755760368663,0.0,0.0,0.0,0.7777777777777778,0.02040816326530612,0.05014233668164636
2,3,0,xgb,0,963,217,55,1,0.9953917050691244,0.0,0.0,0.0,0.23611111111111116,0.006024096385542169,0.010627332088832351
2,3,0,xgb,1,963,217,55,1,0.9953917050691244,0.0,0.0,0.0,0.8333333333333334,0.02702702702702703,0.005963803126167213
2,3,0,xgb,2,963,217,55,1,0.9953917050691244,0.0,0.0,0.0,0.625,0.012195121951219513,0.007446967054578942
2,3,0,xgb,3,963,217,55,1,0.9953917050691244,0.0,0.0,0.0,0.40740740740740744,0.007751937984496124,0.006766857006658077
2,3,0,xgb,4,963,217,55,1,0.9953917050691244,0.0,0.0,0.0,0.1342592592592593,0.005319148936170213,0.007447089292741337
2,14,14,lr,0,615,184,51,1,0.7989130434782609,0.0,0.0,0.0,0.27322404371584696,0.007462686567164179,0.18251391486874752
2,14,14,lr,1,615,184,51,1,0.8804347826086957,0.0,0.0,0.0,0.2295081967213115,0.007042253521126761,0.11166864853062612
2,14,14,lr,2,615,184,51,1,0.4945652173913043,0.010638297872340425,1.0,0.021052631578947368,0.8633879781420765,0.038461538461538464,0.4717918157921989
2,14,14,lr,3,615,184,51,1,0.9021739130434783,0.0,0.0,0.0,0.5792349726775956,0.01282051282051282,0.08678818322954858
2,14,14,lr,4,615,184,51,1,0.9130434782608695,0.0,0.0,0.0,0.8524590163934426,0.03571428571428571,0.07965239270353665
4,3,0,xgb,0,962,217,54,1,0.9032258064516129,0.0,0.0,0.0,0.1527777777777778,0.005434782608695652,0.06687348710612903
4,3,0,xgb,1,962,217,54,1,0.967741935483871,0.0,0.0,0.0,0.06018518518518523,0.004901960784313725,0.03971858717878207
4,3,0,xgb,2,962,217,54,1,0.9907834101382489,0.0,0.0,0.0,0.9953703703703703,0.5,0.013917968641125485
4,3,0,xgb,3,962,217,54,1,0.9400921658986175,0.0,0.0,0.0,0.6574074074074074,0.013333333333333334,0.0369087002756934
4,3,0,xgb,4,962,217,54,1,0.9953917050691244,0.0,0.0,0.0,0.4305555555555556,0.008064516129032258,0.021682243985507107
2,14,7,lr,0,664,184,51,1,0.75,0.0,0.0,0.0,0.05464480874316935,0.005747126436781609,0.22550296547678797
2,14,7,lr,1,664,184,51,1,0.8804347826086957,0.0,0.0,0.0,0.7759562841530054,0.023809523809523808,0.11741983608796101
2,14,7,lr,2,664,184,51,1,0.8152173913043478,0.02857142857142857,1.0,0.05555555555555555,0.994535519125683,0.5,0.17092445871814888
2,14,7,lr,3,664,184,51,1,0.7119565217391305,0.0,0.0,0.0,0.20218579234972678,0.006802721088435374,0.26952196054583843
2,14,7,lr,4,664,184,51,1,0.7717391304347826,0.023255813953488372,1.0,0.045454545454545456,0.7923497267759563,0.02564102564102564,0.22134111473106513
3,7,0,lr,0,854,203,49,1,0.9014778325123153,0.0,0.0,0.0,0.07920792079207917,0.0053475935828877,0.09793519436814091
3,7,0,lr,1,854,203,49,1,0.8620689655172413,0.0,0.0,0.0,0.2821782178217822,0.00684931506849315,0.11934661537208724
3,7,0,lr,2,854,203,49,1,0.5812807881773399,0.0,0.0,0.0,0.05940594059405946,0.005235602094240838,0.3987219432199276
3,7,0,lr,3,854,203,49,1,0.7339901477832512,0.0,0.0,0.0,0.5346534653465347,0.010526315789473684,0.2292338092603718
3,7,0,lr,4,854,203,49,1,0.812807881773399,0.02564102564102564,1.0,0.05,0.8613861386138613,0.034482758620689655,0.17782269182602786
4,7,7,lr,0,783,203,51,1,0.7192118226600985,0.017241379310344827,1.0,0.03389830508474576,0.9801980198019802,0.2,0.26875859135410307
4,7,7,lr,1,783,203,51,1,0.7832512315270936,0.0,0.0,0.0,0.05693069306930698,0.005208333333333333,0.19725059635914827
4,7,7,lr,2,783,203,51,1,0.39408866995073893,0.0,0.0,0.0,0.00990099009900991,0.004975124378109453,0.5833852871547871
4,7,7,lr,3,783,203,51,1,0.5615763546798029,0.011111111111111112,1.0,0.02197802197802198,0.8465346534653465,0.03125,0.41448377004717313
4,7,7,lr,4,783,203,51,1,0.9310344827586207,0.0,0.0,0.0,0.20297029702970293,0.006172839506172839,0.059520701334569666
4,7,0,lr,0,856,203,51,1,0.9605911330049262,0.0,0.0,0.0,0.14851485148514854,0.005780346820809248,0.04282628958201831
4,7,0,lr,1,856,203,51,1,0.916256157635468,0.0,0.0,0.0,0.8069306930693069,0.025,0.07703378754402002
4,7,0,lr,2,856,203,51,1,0.8325123152709359,0.0,0.0,0.0,0.5693069306930694,0.011363636363636364,0.14648933030224484
4,7,0,lr,3,856,203,51,1,0.7044334975369458,0.01639344262295082,1.0,0.03225806451612903,0.8168316831683169,0.02631578947368421,0.2727225838733624
4,7,0,lr,4,856,203,51,1,0.5566502463054187,0.0,0.0,0.0,0.08910891089108908,0.005405405405405406,0.41021005850556186
4,3,14,lr,0,789,217,54,1,0.7972350230414746,0.0,0.0,0.0,0.5555555555555556,0.010309278350515464,0.18994975682453172
4,3,14,lr,1,789,217,54,1,0.8387096774193549,0.0,0.0,0.0,0.763888888888889,0.019230769230769232,0.14566967996725386
4,3,14,lr,2,789,217,54,1,0.9354838709677419,0.0,0.0,0.0,0.6342592592592593,0.0125,0.05509202825650742
4,3,14,lr,3,789,217,54,1,0.7557603686635944,0.018518518518518517,1.0,0.03636363636363636,0.9814814814814814,0.2,0.20523532479834614
4,3,14,lr,4,789,217,54,1,0.8202764976958525,0.0,0.0,0.0,0.12037037037037035,0.005235602094240838,0.1583314822612443
2,7,0,lr,0,857,203,52,1,0.5467980295566502,0.0,0.0,0.0,0.5495049504950495,0.010869565217391304,0.3677625865207739
2,7,0,lr,1,857,203,52,1,0.9556650246305419,0.0,0.0,0.0,0.004950495049504955,0.0049504950495049506,0.02795376081702246
2,7,0,lr,2,857,203,52,1,0.8571428571428571,0.0,0.0,0.0,0.25742574257425743,0.006622516556291391,0.11151328136168048
2,7,0,lr,3,857,203,52,1,0.6798029556650246,0.0,0.0,0.0,0.5148514851485149,0.010101010101010102,0.25904379379072473
2,7,0,lr,4,857,203,52,1,0.9261083743842364,0.0,0.0,0.0,0.6683168316831682,0.014705882352941176,0.06970543026425105
3,3,0,xgb,0,961,217,53,1,0.9953917050691244,0.0,0.0,0.0,0.18981481481481477,0.005681818181818182,0.009391321803075588
3,3,0,xgb,1,961,217,53,1,0.9953917050691244,0.0,0.0,0.0,0.824074074074074,0.02564102564102564,0.006684504385154036
3,3,0,xgb,2,961,217,53,1,0.9953917050691244,0.0,0.0,0.0,0.20370370370370372,0.005780346820809248,0.008191960000044617
3,3,0,xgb,3,961,217,53,1,0.9953917050691244,0.0,0.0,0.0,0.28240740740740744,0.00641025641025641,0.006962933470981669
3,3,0,xgb,4,961,217,53,1,0.9953917050691244,0.0,0.0,0.0,0.42592592592592593,0.008,0.010889525243023657
3,7,7,lr,0,777,203,49,1,0.5073891625615764,0.0,0.0,0.0,0.0,0.0049261083743842365,0.47598043014322045
3,7,7,lr,1,777,203,49,1,0.9605911330049262,0.0,0.0,0.0,0.26732673267326734,0.006711409395973154,0.03420589530807396
3,7,7,lr,2,777,203,49,1,0.8916256157635468,0.0,0.0,0.0,0.42079207920792083,0.00847457627118644,0.10611824217146762
3,7,7,lr,3,777,203,49,1,0.8078817733990148,0.0,0.0,0.0,0.16831683168316836,0.005917159763313609,0.1811478735275272
3,7,7,lr,4,777,203,49,1,0.8325123152709359,0.0,0.0,0.0,0.2821782178217822,0.00684931506849315,0.15520847353555906
3,7,0,xgb,0,854,203,49,1,0.9655172413793104,0.0,0.0,0.0,0.0,0.0049261083743842365,0.025791057492641052
3,7,0,xgb,1,854,203,49,1,0.9753694581280788,0.0,0.0,0.0,0.7301980198019802,0.017857142857142856,0.01847733067460183
3,7,0,xgb,2,854,203,49,1,0.9852216748768473,0.0,0.0,0.0,0.05940594059405946,0.005235602094240838,0.029503773830666925
3,7,0,xgb,3,854,203,49,1,0.8620689655172413,0.0,0.0,0.0,0.7821782178217822,0.022222222222222223,0.09824492835981474
3,7,0,xgb,4,854,203,49,1,0.9901477832512315,0.0,0.0,0.0,0.6980198019801981,0.016129032258064516,0.017893964136061844
2,3,0,lr,0,963,217,55,1,0.6543778801843319,0.013157894736842105,1.0,0.025974025974025976,0.7592592592592593,0.018867924528301886,0.30430029904966577
2,3,0,lr,1,963,217,55,1,0.9400921658986175,0.0,0.0,0.0,0.43981481481481477,0.00819672131147541,0.04689460485911477
2,3,0,lr,2,963,217,55,1,0.6866359447004609,0.0,0.0,0.0,0.18055555555555558,0.0056179775280898875,0.26911117241630156
2,3,0,lr,3,963,217,55,1,0.8202764976958525,0.0,0.0,0.0,0.2129629629629629,0.005847953216374269,0.14795084525595908
2,3,0,lr,4,963,217,55,1,0.9124423963133641,0.0,0.0,0.0,0.6481481481481481,0.012987012987012988,0.07333404556058352
2,7,0,xgb,0,857,203,52,1,0.9753694581280788,0.0,0.0,0.0,0.5445544554455446,0.010752688172043012,0.038594489631034984
2,7,0,xgb,1,857,203,52,1,0.9901477832512315,0.0,0.0,0.0,0.08168316831683164,0.0053475935828877,0.019977430561418597
2,7,0,xgb,2,857,203,52,1,0.9950738916256158,0.0,0.0,0.0,0.707920792079208,0.016666666666666666,0.02195089695346956
2,7,0,xgb,3,857,203,52,1,0.8916256157635468,0.0,0.0,0.0,0.8910891089108911,0.043478260869565216,0.08691126436838842
2,7,0,xgb,4,857,203,52,1,0.9950738916256158,0.0,0.0,0.0,0.3168316831683168,0.007194244604316547,0.014323216974522901
3,3,0,lr,0,961,217,53,1,0.6728110599078341,0.0,0.0,0.0,0.13888888888888884,0.0053475935828877,0.2878108929599811
3,3,0,lr,1,961,217,53,1,0.8894009216589862,0.0,0.0,0.0,0.7175925925925926,0.016129032258064516,0.0932896859255548
3,3,0,lr,2,961,217,53,1,0.5483870967741935,0.0,0.0,0.0,0.1620370370370371,0.005494505494505495,0.37522821641182397
3,3,0,lr,3,961,217,53,1,0.7695852534562212,0.0,0.0,0.0,0.20833333333333337,0.005813953488372093,0.18539014133689224
3,3,0,lr,4,961,217,53,1,0.7880184331797235,0.0,0.0,0.0,0.7731481481481481,0.02,0.17613753799776194
2,7,7,lr,0,773,203,52,1,0.7438423645320197,0.018867924528301886,1.0,0.037037037037037035,0.7772277227722773,0.021739130434782608,0.20915219389840925
2,7,7,lr,1,773,203,52,1,0.9211822660098522,0.0,0.0,0.0,0.6732673267326733,0.014925373134328358,0.07212502906092132
2,7,7,lr,2,773,203,52,1,0.9507389162561576,0.09090909090909091,1.0,0.16666666666666666,0.9851485148514852,0.25,0.04780011773306235
2,7,7,lr,3,773,203,52,1,0.896551724137931,0.0,0.0,0.0,0.7128712871287128,0.01694915254237288,0.08632167037866015
2,7,7,lr,4,773,203,52,1,0.9507389162561576,0.0,0.0,0.0,0.8316831683168316,0.02857142857142857,0.04016388357829706
3,7,7,xgb,0,777,203,49,1,0.9901477832512315,0.0,0.0,0.0,0.5495049504950495,0.010869565217391304,0.01054590307950664
3,7,7,xgb,1,777,203,49,1,0.9950738916256158,0.0,0.0,0.0,0.8564356435643564,0.03333333333333333,0.009346508962531737
3,7,7,xgb,2,777,203,49,1,0.9753694581280788,0.0,0.0,0.0,0.698019801980198,0.016129032258064516,0.018900817116028572
3,7,7,xgb,3,777,203,49,1,0.9950738916256158,0.0,0.0,0.0,0.896039603960396,0.045454545454545456,0.007449480925899959
3,7,7,xgb,4,777,203,49,1,0.9950738916256158,0.0,0.0,0.0,0.8762376237623762,0.038461538461538464,0.005596551200085186
3,3,14,lr,0,785,217,53,1,0.8064516129032258,0.0,0.0,0.0,0.40740740740740744,0.007751937984496124,0.18610727528818402
3,3,14,lr,1,785,217,53,1,0.9124423963133641,0.0,0.0,0.0,0.8726851851851851,0.034482758620689655,0.08619552775784729
3,3,14,lr,2,785,217,53,1,0.6682027649769585,0.0,0.0,0.0,0.5810185185185185,0.010869565217391304,0.30083408522293065
3,3,14,lr,3,785,217,53,1,0.7235023041474654,0.0,0.0,0.0,0.2222222222222222,0.005917159763313609,0.2423772592951906
3,3,14,lr,4,785,217,53,1,0.8064516129032258,0.023255813953488372,1.0,0.045454545454545456,0.8472222222222221,0.029411764705882353,0.1773496124273875
4,3,7,xgb,0,876,217,54,1,0.9953917050691244,0.0,0.0,0.0,0.861111111111111,0.027777777777777776,0.005688950285440387
4,3,7,xgb,1,876,217,54,1,0.9953917050691244,0.0,0.0,0.0,0.27314814814814814,0.006329113924050633,0.006455908385158704
4,3,7,xgb,2,876,217,54,1,0.9953917050691244,0.0,0.0,0.0,0.712962962962963,0.015873015873015872,0.014169613523055822
4,3,7,xgb,3,876,217,54,1,0.9907834101382489,0.0,0.0,0.0,0.625,0.012195121951219513,0.010398930093638539
4,3,7,xgb,4,876,217,54,1,0.9953917050691244,0.0,0.0,0.0,0.41435185185185186,0.0078125,0.008202485005837909
2,3,7,lr,0,867,217,55,1,0.8847926267281107,0.0,0.0,0.0,0.8009259259259259,0.022727272727272728,0.09804021313755625
2,3,7,lr,1,867,217,55,1,0.8433179723502304,0.0,0.0,0.0,0.09722222222222221,0.00510204081632653,0.14807905191367934
2,3,7,lr,2,867,217,55,1,0.8433179723502304,0.0,0.0,0.0,0.5092592592592593,0.009345794392523364,0.13912521930755373
2,3,7,lr,3,867,217,55,1,0.9170506912442397,0.0,0.0,0.0,0.09722222222222221,0.00510204081632653,0.06979355033299942
2,3,7,lr,4,867,217,55,1,0.8940092165898618,0.0,0.0,0.0,0.4629629629629629,0.008547008547008548,0.09734498150276588
3,3,7,lr,0,871,217,53,1,0.9262672811059908,0.0,0.0,0.0,0.5925925925925926,0.011235955056179775,0.05717188787946587
3,3,7,lr,1,871,217,53,1,0.7972350230414746,0.022222222222222223,1.0,0.043478260869565216,0.8287037037037037,0.02631578947368421,0.18646047285582423
3,3,7,lr,2,871,217,53,1,0.8433179723502304,0.02857142857142857,1.0,0.05555555555555555,0.9166666666666667,0.05263157894736842,0.14043765061539984
3,3,7,lr,3,871,217,53,1,0.8663594470046083,0.0,0.0,0.0,0.16666666666666663,0.0055248618784530384,0.11030415620020506
3,3,7,lr,4,871,217,53,1,0.8986175115207373,0.0,0.0,0.0,0.7962962962962963,0.022222222222222223,0.07519286104040883
2,3,7,xgb,0,867,217,55,1,0.9953917050691244,0.0,0.0,0.0,0.9722222222222222,0.14285714285714285,0.00682563879265638
2,3,7,xgb,1,867,217,55,1,0.9815668202764977,0.0,0.0,0.0,0.07407407407407407,0.004975124378109453,0.02789666640212788
2,3,7,xgb,2,867,217,55,1,0.9953917050691244,0.0,0.0,0.0,0.1620370370370371,0.005494505494505495,0.008604487300231793
2,3,7,xgb,3,867,217,55,1,0.9953917050691244,0.0,0.0,0.0,0.11111111111111116,0.0051813471502590676,0.007269085394721964
2,3,7,xgb,4,867,217,55,1,0.9953917050691244,0.0,0.0,0.0,0.8472222222222222,0.029411764705882353,0.005948002380789293
2,3,14,lr,0,783,217,55,1,0.8248847926267281,0.0,0.0,0.0,0.09722222222222221,0.00510204081632653,0.15784860823801355
2,3,14,lr,1,783,217,55,1,0.7096774193548387,0.0,0.0,0.0,0.4050925925925926,0.007692307692307693,0.2599851022306848
2,3,14,lr,2,783,217,55,1,0.7788018433179723,0.0,0.0,0.0,0.4328703703703704,0.008064516129032258,0.1934560928264832
2,3,14,lr,3,783,217,55,1,0.6912442396313364,0.0,0.0,0.0,0.39814814814814814,0.007633587786259542,0.27374945636961234
2,3,14,lr,4,783,217,55,1,0.8894009216589862,0.0,0.0,0.0,0.29166666666666663,0.006493506493506494,0.08830446511404809
4,7,14,xgb,0,723,203,51,1,0.9753694581280788,0.0,0.0,0.0,0.6138613861386139,0.012658227848101266,0.028452953565888325
4,7,14,xgb,1,723,203,51,1,0.9605911330049262,0.0,0.0,0.0,0.8811881188118812,0.04,0.041459994612385226
4,7,14,xgb,2,723,203,51,1,0.9704433497536946,0.0,0.0,0.0,0.5594059405940595,0.011111111111111112,0.018183982694228894
4,7,14,xgb,3,723,203,51,1,0.9852216748768473,0.0,0.0,0.0,0.504950495049505,0.009900990099009901,0.02476876337366838
4,7,14,xgb,4,723,203,51,1,0.9901477832512315,0.0,0.0,0.0,0.43069306930693074,0.008620689655172414,0.0258526754079174
2,7,7,xgb,0,773,203,52,1,0.9507389162561576,0.0,0.0,0.0,0.10396039603960394,0.005494505494505495,0.043612211213461635
2,7,7,xgb,1,773,203,52,1,0.9950738916256158,0.0,0.0,0.0,0.6287128712871287,0.013157894736842105,0.016790930990228867
2,7,7,xgb,2,773,203,52,1,0.9950738916256158,0.0,0.0,0.0,0.8960396039603961,0.045454545454545456,0.01392420077815946
2,7,7,xgb,3,773,203,52,1,0.9408866995073891,0.0,0.0,0.0,0.2722772277227723,0.006756756756756757,0.047958393062950036
2,7,7,xgb,4,773,203,52,1,0.9753694581280788,0.0,0.0,0.0,0.7277227722772277,0.017857142857142856,0.011588184075660417
4,3,14,xgb,0,789,217,54,1,0.9953917050691244,0.0,0.0,0.0,0.8402777777777778,0.027777777777777776,0.005424345718051975
4,3,14,xgb,1,789,217,54,1,0.9907834101382489,0.0,0.0,0.0,0.6296296296296297,0.012345679012345678,0.0071137172160488015
4,3,14,xgb,2,789,217,54,1,0.9907834101382489,0.0,0.0,0.0,0.7407407407407407,0.017543859649122806,0.010489681080829698
4,3,14,xgb,3,789,217,54,1,0.9953917050691244,0.0,0.0,0.0,0.43981481481481477,0.00819672131147541,0.010002189619071462
4,3,14,xgb,4,789,217,54,1,0.9953917050691244,0.0,0.0,0.0,0.375,0.007352941176470588,0.006637735812638404
2,7,14,lr,0,716,203,52,1,0.8423645320197044,0.030303030303030304,1.0,0.058823529411764705,0.8762376237623762,0.038461538461538464,0.12548836876632558
2,7,14,lr,1,716,203,52,1,0.8719211822660099,0.037037037037037035,1.0,0.07142857142857142,0.8762376237623762,0.038461538461538464,0.11657892354864906
2,7,14,lr,2,716,203,52,1,0.7536945812807881,0.0196078431372549,1.0,0.038461538461538464,0.8118811881188118,0.02564102564102564,0.21552224614882073
2,7,14,lr,3,716,203,52,1,0.5911330049261084,0.0,0.0,0.0,0.28712871287128716,0.006896551724137931,0.3577350187123432
2,7,14,lr,4,716,203,52,1,0.5270935960591133,0.010309278350515464,1.0,0.02040816326530612,0.9554455445544554,0.1,0.40871713111283153
3,7,14,xgb,0,717,203,49,1,0.9901477832512315,0.0,0.0,0.0,0.9603960396039604,0.1111111111111111,0.009634841045393739
3,7,14,xgb,1,717,203,49,1,0.9901477832512315,0.0,0.0,0.0,0.2178217821782178,0.006289308176100629,0.011236989084860777
3,7,14,xgb,2,717,203,49,1,0.9950738916256158,0.0,0.0,0.0,0.6435643564356436,0.0136986301369863,0.008038236186231713
3,7,14,xgb,3,717,203,49,1,0.9950738916256158,0.0,0.0,0.0,0.905940594059406,0.05,0.0050868227163407805
3,7,14,xgb,4,717,203,49,1,0.9753694581280788,0.0,0.0,0.0,0.1732673267326733,0.005952380952380952,0.012962052372692476
3,3,7,xgb,0,871,217,53,1,0.9953917050691244,0.0,0.0,0.0,0.712962962962963,0.015873015873015872,0.010270086065231674
3,3,7,xgb,1,871,217,53,1,0.9907834101382489,0.0,0.0,0.0,0.4699074074074074,0.008620689655172414,0.008070211394459407
3,3,7,xgb,2,871,217,53,1,0.9953917050691244,0.0,0.0,0.0,0.736111111111111,0.017241379310344827,0.005680940007401676
3,3,7,xgb,3,871,217,53,1,0.9953917050691244,0.0,0.0,0.0,0.18518518518518523,0.005649717514124294,0.010151752024721775
3,3,7,xgb,4,871,217,53,1,0.9953917050691244,0.0,0.0,0.0,0.36111111111111116,0.007194244604316547,0.007270553144723337
3,7,14,lr,0,717,203,49,1,0.8571428571428571,0.0,0.0,0.0,0.6782178217821782,0.015151515151515152,0.12374323435197045
3,7,14,lr,1,717,203,49,1,0.8374384236453202,0.0,0.0,0.0,0.0,0.0049261083743842365,0.15031433622437648
3,7,14,lr,2,717,203,49,1,0.9359605911330049,0.0,0.0,0.0,0.26732673267326734,0.006711409395973154,0.060822746511104676
3,7,14,lr,3,717,203,49,1,0.8866995073891626,0.0,0.0,0.0,0.3465346534653465,0.007518796992481203,0.10408205986989826
3,7,14,lr,4,717,203,49,1,0.6305418719211823,0.0,0.0,0.0,0.49504950495049505,0.009708737864077669,0.3353109990080977
2,3,14,xgb,0,783,217,55,1,0.9953917050691244,0.0,0.0,0.0,0.31018518518518523,0.006666666666666667,0.008708461712522679
2,3,14,xgb,1,783,217,55,1,0.9953917050691244,0.0,0.0,0.0,0.6458333333333334,0.01282051282051282,0.006190804332577553
2,3,14,xgb,2,783,217,55,1,0.9953917050691244,0.0,0.0,0.0,0.5949074074074074,0.011235955056179775,0.0059783318328999495
2,3,14,xgb,3,783,217,55,1,0.9953917050691244,0.0,0.0,0.0,0.3287037037037037,0.00684931506849315,0.010719573768715952
2,3,14,xgb,4,783,217,55,1,0.9953917050691244,0.0,0.0,0.0,0.6990740740740741,0.015151515151515152,0.00958949831564711
3,3,14,xgb,0,785,217,53,1,0.9953917050691244,0.0,0.0,0.0,0.6851851851851851,0.014492753623188406,0.00717403133483517
3,3,14,xgb,1,785,217,53,1,0.9953917050691244,0.0,0.0,0.0,0.736111111111111,0.01694915254237288,0.006646335366924521
3,3,14,xgb,2,785,217,53,1,0.9953917050691244,0.0,0.0,0.0,0.775462962962963,0.02,0.007083912603831281
3,3,14,xgb,3,785,217,53,1,0.9953917050691244,0.0,0.0,0.0,0.1342592592592593,0.005319148936170213,0.005971179369788684
3,3,14,xgb,4,785,217,53,1,0.9953917050691244,0.0,0.0,0.0,0.03240740740740744,0.004761904761904762,0.015582449824664144
4,7,14,lr,0,723,203,51,1,0.7635467980295566,0.0,0.0,0.0,0.5297029702970297,0.010416666666666666,0.1508137242546312
4,7,14,lr,1,723,203,51,1,0.5320197044334976,0.010416666666666666,1.0,0.020618556701030927,0.8564356435643564,0.03333333333333333,0.26715909149800904
4,7,14,lr,2,723,203,51,1,0.8226600985221675,0.0,0.0,0.0,0.20792079207920788,0.006211180124223602,0.10810298510224672
4,7,14,lr,3,723,203,51,1,0.5911330049261084,0.0,0.0,0.0,0.16831683168316836,0.005917159763313609,0.23589452717171824
4,7,14,lr,4,723,203,51,1,0.7635467980295566,0.0,0.0,0.0,0.6584158415841584,0.014285714285714285,0.15995224336009528
2,7,14,xgb,0,716,203,52,1,0.9950738916256158,0.0,0.0,0.0,0.8762376237623762,0.038461538461538464,0.005055430629438864
2,7,14,xgb,1,716,203,52,1,0.9950738916256158,0.0,0.0,0.0,0.07920792079207917,0.0053475935828877,0.005504253532137602
2,7,14,xgb,2,716,203,52,1,0.9950738916256158,0.0,0.0,0.0,0.48514851485148514,0.009523809523809525,0.006294014050922293
2,7,14,xgb,3,716,203,52,1,0.9901477832512315,0.0,0.0,0.0,0.6633663366336634,0.014492753623188406,0.015298980305128095
2,7,14,xgb,4,716,203,52,1,0.9852216748768473,0.0,0.0,0.0,0.504950495049505,0.009900990099009901,0.011935283331042929
